StartDate,Year,Julian_Day,SiteID,Latitude,Longitude,Elevation,SiteType,AverageCoverageOrHeight,AverageFlowerDensity,AverageSeedPods,AphidCount,PrecipMM,Aphids_DD,Pea_DD,Vetch_DD
10/05/2019,2019,130,Alpowa Creek,46.41241,-117.21464,417,Vetch,70,0,0,0,198.47,572.59,880.33,750
10/05/2019,2019,130,Blytons Landing,46.55889,-117.27004,366,Vetch,8,0,0,0,202.06,560.4,857.42,730.67
10/05/2019,2019,130,Colfax Highway,46.73397,-117.20542,782,Vetch,36,0,0,0,271.06,330.55,588.12,475.65
10/05/2019,2019,130,Hells Gate,46.35445,-117.05034,288,Vetch,96,1.2,0,0,188.58,651.04,968.4,832.97
10/05/2019,2019,130,Nisqually Canyon,46.514,-117.22914,422,Vetch,44,1.8,0,0,207.27,548.17,847.37,721.24
10/05/2019,2019,130,Rose Creek,46.82542,-117.20789,726,Vetch,24,0,0,0,259.23,342.35,600.55,488.33
10/05/2019,2019,130,Snake River Road,46.58383,-117.31692,357,Vetch,44,0,0,0,196.03,561.93,858.18,731.39
10/05/2019,2019,130,Wawawai,46.63789,-117.3744,308,Vetch,16,0,0,0,185,576.06,871.45,744.99
10/05/2019,2019,130,Genesee,46.54808,-116.90817,817,Pea,0,0,0,0,332.31,333.57,593.85,483.91
10/05/2019,2019,130,Jacobs,46.51431,-117.15994,862,Pea,10,0,0,0,266.27,333.43,598.28,484.79
10/05/2019,2019,130,PCLF,46.74597,-117.16183,754,Pea,0,0,0,0,267.41,339.24,598.37,485.4
10/05/2019,2019,130,Schlee,46.52394,-117.24322,273,Pea,1.6,0,0,0,195.93,620.96,926.59,796.82
10/05/2019,2019,130,Schulteis,46.56927,-117.22527,823,Pea,2.8,0,0,0,273.61,339.41,603.91,489.74
10/05/2019,2019,130,Spillman,46.69717,-117.14975,743,Pea,9.4,0,0,0,268.62,350.14,612.92,498.67
14/05/2019,2019,134,Alpowa Creek,46.41241,-117.21464,417,Vetch,66,0,0,0,199.68,669.83,995.57,858.04
14/05/2019,2019,134,Blytons Landing,46.55889,-117.27004,366,Vetch,26,0,0,0,203.1,653.72,968.74,834.79
14/05/2019,2019,134,Colfax Highway,46.73397,-117.20542,782,Vetch,58,0,0,0,272.98,409.31,684.88,565.21
14/05/2019,2019,134,Hells Gate,46.35445,-117.05034,288,Vetch,92,3,0,2,189.27,754.27,1089.63,947
14/05/2019,2019,134,Nisqually Canyon,46.514,-117.22914,422,Vetch,56,7.6,0,0,208.4,642.06,959.26,825.93
14/05/2019,2019,134,Rose Creek,46.82542,-117.20789,726,Vetch,56,0,0,0,260.99,421.74,697.94,578.52
14/05/2019,2019,134,Snake River Road,46.58383,-117.31692,357,Vetch,72,0,0,0,197.11,654.83,969.08,835.09
14/05/2019,2019,134,Wawawai,46.63789,-117.3744,308,Vetch,22,0,0,0,186.04,668.79,982.18,848.52
14/05/2019,2019,134,Genesee,46.54808,-116.90817,817,Pea,15.4,0,0,0,334.19,415.03,693.31,576.17
14/05/2019,2019,134,Jacobs,46.51431,-117.15994,862,Pea,3.8,0,0,0,268.21,414.67,697.52,576.83
14/05/2019,2019,134,PCLF,46.74597,-117.16183,754,Pea,0,0,0,0,269.24,418.4,695.53,575.36
14/05/2019,2019,134,Schlee,46.52394,-117.24322,273,Pea,3.8,0,0,0,196.89,718.37,1042,905.03
14/05/2019,2019,134,Schulteis,46.56927,-117.22527,823,Pea,0,0,0,0,275.47,420,702.5,581.13
14/05/2019,2019,134,Spillman,46.69717,-117.14975,743,Pea,10.6,0,0,0,270.34,430.33,711.11,589.66
18/05/2019,2019,138,Alpowa Creek,46.41241,-117.21464,417,Vetch,88,13.6,0,0,217.42,742.36,1086.1,941.37
18/05/2019,2019,138,Blytons Landing,46.55889,-117.27004,366,Vetch,32,0,0,0,221.38,726.5,1059.52,918.37
18/05/2019,2019,138,Colfax Highway,46.73397,-117.20542,782,Vetch,62,0,0,0,291.62,459.83,753.4,626.53
18/05/2019,2019,138,Hells Gate,46.35445,-117.05034,288,Vetch,90,10.6,0,0,207.68,834.13,1187.49,1037.66
18/05/2019,2019,138,Nisqually Canyon,46.514,-117.22914,422,Vetch,54,14.4,0,0,227.18,713.36,1048.56,908.03
18/05/2019,2019,138,Rose Creek,46.82542,-117.20789,726,Vetch,36,0,0,0,279.59,473.98,768.18,641.56
18/05/2019,2019,138,Snake River Road,46.58383,-117.31692,357,Vetch,78,1.4,0,0,214.3,727.86,1060.11,918.92
18/05/2019,2019,138,Wawawai,46.63789,-117.3744,308,Vetch,44,0,0,0,200.4,743.11,1074.5,933.64
18/05/2019,2019,138,Genesee,46.54808,-116.90817,817,Pea,13.8,0,0,0,371.25,464.87,761.15,636.81
18/05/2019,2019,138,Jacobs,46.51431,-117.15994,862,Pea,5.2,0,0,0,288.3,463.47,764.32,636.43
18/05/2019,2019,138,PCLF,46.74597,-117.16183,754,Pea,0,0,0,0,287.9,470.31,765.44,638.07
18/05/2019,2019,138,Schlee,46.52394,-117.24322,273,Pea,4.8,0,0,0,215.65,796.69,1138.32,994.15
18/05/2019,2019,138,Schulteis,46.56927,-117.22527,823,Pea,2.6,0,0,0,298.35,470.14,770.64,642.07
18/05/2019,2019,138,Spillman,46.69717,-117.14975,743,Pea,14.8,0,0,0,288.83,483.17,781.95,653.3
22/05/2019,2019,142,Alpowa Creek,46.41241,-117.21464,417,Vetch,92,39.2,0,0,217.42,807.54,1169.28,1017.35
22/05/2019,2019,142,Blytons Landing,46.55889,-117.27004,366,Vetch,18,0,0,0,221.38,791.84,1142.86,994.51
22/05/2019,2019,142,Colfax Highway,46.73397,-117.20542,782,Vetch,70,0,0,0,291.62,505.21,816.78,682.71
22/05/2019,2019,142,Hells Gate,46.35445,-117.05034,288,Vetch,86,21,0,0,207.68,907.01,1278.37,1121.34
22/05/2019,2019,142,Nisqually Canyon,46.514,-117.22914,422,Vetch,58,20.8,0,0,227.18,777.09,1130.29,982.56
22/05/2019,2019,142,Rose Creek,46.82542,-117.20789,726,Vetch,48,0,0,0,279.59,521.64,833.84,700.02
22/05/2019,2019,142,Snake River Road,46.58383,-117.31692,357,Vetch,56,2.6,0,0,214.3,793.16,1143.41,995.02
22/05/2019,2019,142,Wawawai,46.63789,-117.3744,308,Vetch,30,0,0,0,200.4,809.88,1159.27,1011.21
22/05/2019,2019,142,Genesee,46.54808,-116.90817,817,Pea,20,0,0,0,371.25,510.64,824.92,693.38
22/05/2019,2019,142,Jacobs,46.51431,-117.15994,862,Pea,6.6,0,0,0,288.3,506.69,825.54,690.45
22/05/2019,2019,142,PCLF,46.74597,-117.16183,754,Pea,0,0,0,0,287.9,516.97,830.1,695.53
22/05/2019,2019,142,Schlee,46.52394,-117.24322,273,Pea,6.8,0,0,0,215.65,867.11,1226.74,1075.37
22/05/2019,2019,142,Schulteis,46.56927,-117.22527,823,Pea,4.4,0,0,0,298.35,514.28,832.78,697.01
22/05/2019,2019,142,Spillman,46.69717,-117.14975,743,Pea,16.6,0,0,0,288.83,530.61,847.39,711.54
26/05/2019,2019,146,Alpowa Creek,46.41241,-117.21464,417,Vetch,94,60.2,0,0,226.25,885.23,1264.97,1105.84
26/05/2019,2019,146,Blytons Landing,46.55889,-117.27004,366,Vetch,38,0.6,0,0,226.61,870.18,1239.2,1083.65
26/05/2019,2019,146,Colfax Highway,46.73397,-117.20542,782,Vetch,0,0,0,0,303.03,562.94,892.51,751.24
26/05/2019,2019,146,Hells Gate,46.35445,-117.05034,288,Vetch,90,26.6,0,0,217.32,990.78,1380.14,1215.91
26/05/2019,2019,146,Nisqually Canyon,46.514,-117.22914,422,Vetch,54,38,0,0,234.27,853.75,1224.95,1070.02
26/05/2019,2019,146,Rose Creek,46.82542,-117.20789,726,Vetch,48,0,0,0,290.08,580.89,911.09,770.07
26/05/2019,2019,146,Snake River Road,46.58383,-117.31692,357,Vetch,68,5,0,0,217.44,871.9,1240.15,1084.56
26/05/2019,2019,146,Wawawai,46.63789,-117.3744,308,Vetch,74,0,0,0,202.48,890.22,1257.61,1102.35
26/05/2019,2019,146,Genesee,46.54808,-116.90817,817,Pea,24.2,0,0,0,393.65,567.26,899.54,760.8
26/05/2019,2019,146,Jacobs,46.51431,-117.15994,862,Pea,9.4,0,0,0,303.14,562.59,899.44,757.15
26/05/2019,2019,146,PCLF,46.74597,-117.16183,754,Pea,0,0,0,0,299.21,575.65,906.78,765.01
26/05/2019,2019,146,Schlee,46.52394,-117.24322,273,Pea,8.2,0,0,0,220.42,950.37,1328,1169.43
26/05/2019,2019,146,Schulteis,46.56927,-117.22527,823,Pea,8,0,0,0,312.22,571.59,908.09,765.12
26/05/2019,2019,146,Spillman,46.69717,-117.14975,743,Pea,19.2,0,0,0,300.92,590.14,924.92,781.87
30/05/2019,2019,150,Alpowa Creek,46.41241,-117.21464,417,Vetch,100,86.4,5.6,0,227.58,983.97,1381.71,1215.38
30/05/2019,2019,150,Blytons Landing,46.55889,-117.27004,366,Vetch,32,1.8,0,0,226.61,966.48,1353.5,1190.75
30/05/2019,2019,150,Colfax Highway,46.73397,-117.20542,782,Vetch,78,0,0,0,303.03,641.45,989.02,840.55
30/05/2019,2019,150,Hells Gate,46.35445,-117.05034,288,Vetch,90,52,0,0,218.07,1097.7,1505.06,1333.63
30/05/2019,2019,150,Nisqually Canyon,46.514,-117.22914,422,Vetch,60,35.4,14.2,0,234.27,949.8,1339,1176.87
30/05/2019,2019,150,Rose Creek,46.82542,-117.20789,726,Vetch,54,0,0,0,290.08,661.1,1009.3,861.08
30/05/2019,2019,150,Snake River Road,46.58383,-117.31692,357,Vetch,78,11.2,0,0,217.44,967.78,1354.03,1191.24
30/05/2019,2019,150,Wawawai,46.63789,-117.3744,308,Vetch,40,1.8,0,0,202.48,986.58,1371.97,1209.51
30/05/2019,2019,150,Genesee,46.54808,-116.90817,817,Pea,29.2,0,0,0,404.31,647.92,998.2,852.26
30/05/2019,2019,150,Jacobs,46.51431,-117.15994,862,Pea,14.6,0,0,0,303.14,641.43,996.28,846.79
30/05/2019,2019,150,PCLF,46.74597,-117.16183,754,Pea,3.8,0,0,0,299.21,654.84,1003.97,855
30/05/2019,2019,150,Schlee,46.52394,-117.24322,273,Pea,12.2,0,0,0,220.42,1051.63,1447.26,1281.49
30/05/2019,2019,150,Schulteis,46.56927,-117.22527,823,Pea,17.6,0,0,0,312.22,650.28,1004.78,854.61
30/05/2019,2019,150,Spillman,46.69717,-117.14975,743,Pea,21,0,0,0,300.92,670.25,1023.03,872.78
3/06/2019,2019,154,Alpowa Creek,46.41241,-117.21464,417,Vetch,100,71.2,31,0,227.58,1101.54,1517.28,1343.75
3/06/2019,2019,154,Blytons Landing,46.55889,-117.27004,366,Vetch,24,3.6,0.2,0,226.61,1082.25,1487.27,1317.32
3/06/2019,2019,154,Colfax Highway,46.73397,-117.20542,782,Vetch,78,0,0,0,303.03,742.13,1107.7,952.03
3/06/2019,2019,154,Hells Gate,46.35445,-117.05034,288,Vetch,96,78.8,13.2,0,218.07,1222.47,1647.83,1469.2
3/06/2019,2019,154,Nisqually Canyon,46.514,-117.22914,422,Vetch,60,21.6,31,0,234.27,1065.25,1472.45,1303.12
3/06/2019,2019,154,Rose Creek,46.82542,-117.20789,726,Vetch,46,0,0,0,290.08,763.21,1129.41,973.99
3/06/2019,2019,154,Snake River Road,46.58383,-117.31692,357,Vetch,68,17.2,6.2,0,217.44,1083.09,1487.34,1317.35
3/06/2019,2019,154,Wawawai,46.63789,-117.3744,308,Vetch,28,1.6,0,0,202.48,1102.57,1505.96,1336.3
3/06/2019,2019,154,Genesee,46.54808,-116.90817,817,Pea,36.75,0,0,0,404.31,749.57,1117.85,964.71
3/06/2019,2019,154,Jacobs,46.51431,-117.15994,862,Pea,18.6,0,0,0,303.14,742.49,1115.34,958.65
3/06/2019,2019,154,PCLF,46.74597,-117.16183,754,Pea,5.8,0,0,0,299.21,756.25,1123.38,967.21
3/06/2019,2019,154,Schlee,46.52394,-117.24322,273,Pea,19.8,0,0,0,220.42,1171.5,1585.13,1412.16
3/06/2019,2019,154,Schulteis,46.56927,-117.22527,823,Pea,23,0,0,0,312.22,751.07,1123.57,966.2
3/06/2019,2019,154,Spillman,46.69717,-117.14975,743,Pea,28.2,0,0,0,300.92,772.42,1143.2,985.75
7/06/2019,2019,158,Alpowa Creek,46.41241,-117.21464,417,Vetch,92,33.2,61.2,0,242.46,1178.06,1611.8,1431.07
7/06/2019,2019,158,Blytons Landing,46.55889,-117.27004,366,Vetch,28,3.6,2.6,0,238.84,1158.09,1581.11,1403.96
7/06/2019,2019,158,Colfax Highway,46.73397,-117.20542,782,Vetch,76,0,0,0,318.78,799.83,1183.4,1020.53
7/06/2019,2019,158,Hells Gate,46.35445,-117.05034,288,Vetch,82,49,32,0,236.83,1304.83,1748.19,1562.36
7/06/2019,2019,158,Nisqually Canyon,46.514,-117.22914,422,Vetch,58,16.6,40,0,247.88,1139.76,1564.96,1388.43
7/06/2019,2019,158,Rose Creek,46.82542,-117.20789,726,Vetch,44,0,0,0,305.2,822.46,1206.66,1044.04
7/06/2019,2019,158,Snake River Road,46.58383,-117.31692,357,Vetch,66,11.4,7.8,0,227.64,1159.03,1581.28,1404.09
7/06/2019,2019,158,Wawawai,46.63789,-117.3744,308,Vetch,30,4.8,0.8,0,213.48,1179.86,1601.25,1424.39
7/06/2019,2019,158,Genesee,46.54808,-116.90817,817,Pea,36,0,0,0,427.05,807.35,1193.63,1033.29
7/06/2019,2019,158,Jacobs,46.51431,-117.15994,862,Pea,21.4,0,0,0,327.68,799.63,1190.48,1026.59
7/06/2019,2019,158,PCLF,46.74597,-117.16183,754,Pea,9.8,0,0,0,315.24,814.94,1200.07,1036.7
7/06/2019,2019,158,Schlee,46.52394,-117.24322,273,Pea,16.4,0,0,0,231.17,1251.58,1683.21,1503.04
7/06/2019,2019,158,Schulteis,46.56927,-117.22527,823,Pea,22.6,0,0,0,329.77,808.89,1199.39,1034.82
7/06/2019,2019,158,Spillman,46.69717,-117.14975,743,Pea,29.8,0,0,0,318.2,831.92,1220.7,1056.05
11/06/2019,2019,162,Alpowa Creek,46.41241,-117.21464,417,Vetch,96,18,72.6,0,242.46,1270.11,1721.85,1533.92
11/06/2019,2019,162,Blytons Landing,46.55889,-117.27004,366,Vetch,26,7.2,3.4,0,238.84,1248.2,1689.22,1504.87
11/06/2019,2019,162,Colfax Highway,46.73397,-117.20542,782,Vetch,98,7.8,0,0,318.78,870.8,1272.37,1102.3
11/06/2019,2019,162,Hells Gate,46.35445,-117.05034,288,Vetch,80,23.4,36,1,236.83,1404.19,1865.55,1672.52
11/06/2019,2019,162,Nisqually Canyon,46.514,-117.22914,422,Vetch,44,0,37.2,2,247.88,1229.31,1672.51,1488.78
11/06/2019,2019,162,Rose Creek,46.82542,-117.20789,726,Vetch,40,0.4,0,0,305.2,894.08,1296.28,1126.46
11/06/2019,2019,162,Snake River Road,46.58383,-117.31692,357,Vetch,54,12,12,0,227.64,1248.81,1689.06,1504.67
11/06/2019,2019,162,Wawawai,46.63789,-117.3744,308,Vetch,44,17.4,4.6,0,213.48,1270.23,1709.62,1525.56
11/06/2019,2019,162,Genesee,46.54808,-116.90817,817,Pea,83.8,18.8,0,0,427.05,880.33,1284.61,1117.07
11/06/2019,2019,162,PCLF,46.74597,-117.16183,754,Pea,15,0,0,2,315.24,886.49,1289.62,1119.05
15/06/2019,2019,166,Alpowa Creek,46.41241,-117.21464,417,Vetch,94,10.8,61.4,0,242.46,1394.7,1864.44,1669.31
15/06/2019,2019,166,Blytons Landing,46.55889,-117.27004,366,Vetch,28,3,5.4,2,238.84,1370.1,1829.12,1637.57
15/06/2019,2019,166,Colfax Highway,46.73397,-117.20542,782,Vetch,94,9.6,3,0,318.78,976.53,1396.1,1218.83
15/06/2019,2019,166,Hells Gate,46.35445,-117.05034,288,Vetch,78,4.4,44.6,0,236.83,1534.69,2014.05,1813.82
15/06/2019,2019,166,Nisqually Canyon,46.514,-117.22914,422,Vetch,44,0,45,0,247.88,1351.08,1812.28,1621.35
15/06/2019,2019,166,Rose Creek,46.82542,-117.20789,726,Vetch,68,2.2,1.2,0,305.2,1000.57,1420.77,1243.75
15/06/2019,2019,166,Snake River Road,46.58383,-117.31692,357,Vetch,54,5.6,21.2,0,227.64,1370.62,1828.87,1637.28
15/06/2019,2019,166,Wawawai,46.63789,-117.3744,308,Vetch,42,9,7.2,0,213.48,1392.61,1850,1658.74
15/06/2019,2019,166,Genesee,46.54808,-116.90817,817,Pea,0,0,0,0,427.05,987.41,1409.69,1234.95
15/06/2019,2019,166,Jacobs,46.51431,-117.15994,862,Pea,32.2,0,0,0,327.68,978.89,1405.74,1227.45
15/06/2019,2019,166,PCLF,46.74597,-117.16183,754,Pea,19,0,0,0,315.24,992.51,1413.64,1235.87
15/06/2019,2019,166,Schlee,46.52394,-117.24322,273,Pea,30.4,0,0,0,231.17,1472.57,1940.2,1745.63
15/06/2019,2019,166,Schulteis,46.56927,-117.22527,823,Pea,38.4,0,0,0,329.77,988.26,1414.76,1235.79
15/06/2019,2019,166,Spillman,46.69717,-117.14975,743,Pea,45,0,0,0,318.2,1011.72,1436.5,1257.45
19/06/2019,2019,170,Alpowa Creek,46.41241,-117.21464,417,Vetch,86,2,70,0,242.46,1507.63,1995.37,1793.04
19/06/2019,2019,170,Blytons Landing,46.55889,-117.27004,366,Vetch,22,0.4,3,0,238.84,1481.99,1959.01,1760.26
19/06/2019,2019,170,Colfax Highway,46.73397,-117.20542,782,Vetch,92,28.4,2.4,0,318.78,1072.09,1509.66,1325.19
19/06/2019,2019,170,Hells Gate,46.35445,-117.05034,288,Vetch,78,0,71.4,0,236.83,1655.14,2152.5,1945.07
19/06/2019,2019,170,Nisqually Canyon,46.514,-117.22914,422,Vetch,58,0,34,0,247.88,1462.19,1941.39,1743.26
19/06/2019,2019,170,Rose Creek,46.82542,-117.20789,726,Vetch,58,9.8,0,0,305.2,1098.47,1536.67,1352.45
19/06/2019,2019,170,Snake River Road,46.58383,-117.31692,357,Vetch,56,1,13.4,0,227.64,1482.26,1958.51,1759.72
19/06/2019,2019,170,Wawawai,46.63789,-117.3744,308,Vetch,16,1,2,0,213.48,1505.57,1980.96,1782.5
19/06/2019,2019,170,Genesee,46.54808,-116.90817,817,Pea,57.2,12,0,0,427.05,1082.74,1523.02,1341.08
19/06/2019,2019,170,Jacobs,46.51431,-117.15994,862,Pea,35,1,0,0,327.68,1073.56,1518.41,1332.92
19/06/2019,2019,170,PCLF,46.74597,-117.16183,754,Pea,12.2,0,0,0,315.24,1089.25,1528.38,1343.41
19/06/2019,2019,170,Schlee,46.52394,-117.24322,273,Pea,30.6,23.4,0,0,231.17,1588.75,2074.38,1872.61
19/06/2019,2019,170,Schulteis,46.56927,-117.22527,823,Pea,45.6,6,0,0,329.77,1083.07,1527.57,1341.4
19/06/2019,2019,170,Spillman,46.69717,-117.14975,743,Pea,44,0,0,0,318.2,1109.01,1551.79,1365.54
23/06/2019,2019,174,Alpowa Creek,46.41241,-117.21464,417,Vetch,80,0,70,0,244.07,1588.47,2094.21,1884.68
23/06/2019,2019,174,Blytons Landing,46.55889,-117.27004,366,Vetch,18,0,5.8,0,239.95,1562.78,2057.8,1851.85
23/06/2019,2019,174,Colfax Highway,46.73397,-117.20542,782,Vetch,96,34.4,0,0,321.95,1127.82,1583.39,1391.72
23/06/2019,2019,174,Hells Gate,46.35445,-117.05034,288,Vetch,74,0,54.6,0,237.71,1744.63,2259.99,2045.36
23/06/2019,2019,174,Nisqually Canyon,46.514,-117.22914,422,Vetch,56,0,33,0,249.63,1541.31,2038.51,1833.18
23/06/2019,2019,174,Rose Creek,46.82542,-117.20789,726,Vetch,52,12.6,0,0,307.9,1156.01,1612.21,1420.79
23/06/2019,2019,174,Snake River Road,46.58383,-117.31692,357,Vetch,26,0,4,0,228.95,1563.05,2057.3,1851.31
23/06/2019,2019,174,Wawawai,46.63789,-117.3744,308,Vetch,16,0,3.8,0,214.29,1587.97,2081.36,1875.7
23/06/2019,2019,174,Genesee,46.54808,-116.90817,817,Pea,70.6,0,0,0,432.16,1138.42,1596.7,1407.56
23/06/2019,2019,174,Jacobs,46.51431,-117.15994,862,Pea,33,18.2,0,0,331.08,1128.51,1591.36,1398.67
23/06/2019,2019,174,PCLF,46.74597,-117.16183,754,Pea,16.6,0,0,0,318.44,1146.29,1603.42,1411.25
23/06/2019,2019,174,Schlee,46.52394,-117.24322,273,Pea,47,17.6,0,0,232.3,1675.47,2179.1,1970.13
23/06/2019,2019,174,Schulteis,46.56927,-117.22527,823,Pea,54.2,0,0,0,333.22,1139.08,1601.58,1408.21
23/06/2019,2019,174,Spillman,46.69717,-117.14975,743,Pea,48.4,0,0,0,321.39,1167.29,1628.07,1434.62
27/06/2019,2019,178,Alpowa Creek,46.41241,-117.21464,417,Vetch,80,0.4,115,6,250.79,1673.71,2197.45,1980.72
27/06/2019,2019,178,Blytons Landing,46.55889,-117.27004,366,Vetch,18,0.2,14.4,7,244.59,1646.15,2159.17,1946.02
27/06/2019,2019,178,Colfax Highway,46.73397,-117.20542,782,Vetch,76,69.8,20,2,328.43,1194.83,1668.4,1469.53
27/06/2019,2019,178,Hells Gate,46.35445,-117.05034,288,Vetch,72,0,62,2,239.87,1837.54,2370.9,2149.07
27/06/2019,2019,178,Nisqually Canyon,46.514,-117.22914,422,Vetch,64,0.8,69,9,254.35,1623.99,2139.19,1926.66
27/06/2019,2019,178,Rose Creek,46.82542,-117.20789,726,Vetch,62,30.6,1,0,313.89,1224.67,1698.87,1500.25
27/06/2019,2019,178,Snake River Road,46.58383,-117.31692,357,Vetch,44,0.4,9,1,234.12,1646.14,2158.39,1945.2
27/06/2019,2019,178,Wawawai,46.63789,-117.3744,308,Vetch,10,0.8,3,8,219.74,1672.04,2183.43,1970.57
27/06/2019,2019,178,Genesee,46.54808,-116.90817,817,Pea,81,7.6,49,0,438.38,1207.03,1683.31,1486.97
27/06/2019,2019,178,Jacobs,46.51431,-117.15994,862,Pea,50.8,60,0.8,0,337.22,1195.18,1676.03,1476.14
27/06/2019,2019,178,Schlee,46.52394,-117.24322,273,Pea,44.2,6.2,5,0,236.18,1763.16,2284.79,2068.62
27/06/2019,2019,178,Schulteis,46.56927,-117.22527,823,Pea,53.6,13,2.4,1,339.69,1205.82,1686.32,1485.75
27/06/2019,2019,178,Spillman,46.69717,-117.14975,743,Pea,32.8,0,40,0,327.12,1235.75,1714.53,1513.88
1/07/2019,2019,182,Alpowa Creek,46.41241,-117.21464,417,Vetch,76,0,88,0,254.74,1779.01,2320.75,2096.82
1/07/2019,2019,182,Blytons Landing,46.55889,-117.27004,366,Vetch,10,0,0,0,244.59,1748.36,2279.38,2059.03
1/07/2019,2019,182,Colfax Highway,46.73397,-117.20542,782,Vetch,94,63.8,76,0,328.43,1278.19,1769.76,1563.69
1/07/2019,2019,182,Hells Gate,46.35445,-117.05034,288,Vetch,72,0,48,0,243.22,1950.67,2502.03,2273
1/07/2019,2019,182,Rose Creek,46.82542,-117.20789,726,Vetch,54,17,18,0,313.89,1308.73,1800.93,1595.11
1/07/2019,2019,182,Snake River Road,46.58383,-117.31692,357,Vetch,44,0,11,0,234.12,1748.09,2278.34,2057.95
1/07/2019,2019,182,Wawawai,46.63789,-117.3744,308,Vetch,10,0,2.5,0,219.74,1774.69,2304.08,2084.02
1/07/2019,2019,182,Genesee,46.54808,-116.90817,817,Pea,84,0.8,49.6,1,445.11,1293.6,1787.88,1584.34
1/07/2019,2019,182,Jacobs,46.51431,-117.15994,862,Pea,64.6,59.4,38.8,0,343.68,1279.75,1778.6,1571.51
1/07/2019,2019,182,Schlee,46.52394,-117.24322,273,Pea,40.4,33,20,0,236.18,1870.27,2409.9,2186.53
1/07/2019,2019,182,Schulteis,46.56927,-117.22527,823,Pea,64.4,11,10,12,339.69,1290.3,1788.8,1581.03
1/07/2019,2019,182,Spillman,46.69717,-117.14975,743,Pea,32.6,2.8,47,0,327.12,1320.58,1817.36,1609.51
5/07/2019,2019,186,Alpowa Creek,46.41241,-117.21464,417,Vetch,68,0,47,0,257.55,1888.82,2448.56,2217.43
5/07/2019,2019,186,Blytons Landing,46.55889,-117.27004,366,Vetch,4,0,0,0,246.26,1855.23,2404.25,2176.7
5/07/2019,2019,186,Colfax Highway,46.73397,-117.20542,782,Vetch,94,46,82,0,329.39,1365.27,1874.84,1661.57
5/07/2019,2019,186,Hells Gate,46.35445,-117.05034,288,Vetch,48,0,8,0,246.55,2068.52,2637.88,2401.65
5/07/2019,2019,186,Rose Creek,46.82542,-117.20789,726,Vetch,48,10.6,17,0,314.28,1396.8,1907,1693.98
5/07/2019,2019,186,Snake River Road,46.58383,-117.31692,357,Vetch,20,0.8,2.6,0,235.53,1854.69,2402.94,2175.35
5/07/2019,2019,186,Wawawai,46.63789,-117.3744,308,Vetch,8,0,2,0,220.6,1882.07,2429.46,2202.2
5/07/2019,2019,186,Genesee,46.54808,-116.90817,817,Pea,78,0.2,52.8,0,448.48,1383.19,1895.47,1684.73
5/07/2019,2019,186,Jacobs,46.51431,-117.15994,862,Pea,63.2,49.6,42.4,0,346.26,1368,1884.85,1670.56
5/07/2019,2019,186,Schlee,46.52394,-117.24322,273,Pea,44,35,15.6,0,238.2,1982.28,2539.91,2309.34
5/07/2019,2019,186,Schulteis,46.56927,-117.22527,823,Pea,46.2,5.8,23.4,0,341.43,1378.46,1894.96,1679.99
5/07/2019,2019,186,Spillman,46.69717,-117.14975,743,Pea,35.2,0.8,43,0,328.32,1409.28,1924.06,1709.01
9/07/2019,2019,190,Blytons Landing,46.55889,-117.27004,366,Vetch,4,0,0.8,0,246.26,1960.74,2527.76,2293.01
9/07/2019,2019,190,Colfax Highway,46.73397,-117.20542,782,Vetch,96,25,66,1,329.39,1452.24,1979.81,1759.34
9/07/2019,2019,190,Rose Creek,46.82542,-117.20789,726,Vetch,52,0.4,0,0,314.28,1484.79,2012.99,1792.77
9/07/2019,2019,190,Genesee,46.54808,-116.90817,817,Pea,70.2,0,37,0,448.48,1473.17,2003.45,1785.51
9/07/2019,2019,190,Jacobs,46.51431,-117.15994,862,Pea,48.8,0,80,6,346.26,1456.5,1991.35,1769.86
9/07/2019,2019,190,PCLF,46.74597,-117.16183,754,Pea,0,0,0,2,325.48,1472.65,2001.78,1780.81
9/07/2019,2019,190,Schlee,46.52394,-117.24322,273,Pea,44.4,0,47.2,0,238.2,2092.7,2668.33,2430.56
9/07/2019,2019,190,Schulteis,46.56927,-117.22527,823,Pea,56.4,0,114,3,341.43,1466.57,2001.07,1778.9
9/07/2019,2019,190,Spillman,46.69717,-117.14975,743,Pea,30.6,0.6,40.4,1,328.32,1498.03,2030.81,1808.56
13/07/2019,2019,194,Colfax Highway,46.73397,-117.20542,782,Vetch,96,10.6,131,4,329.39,1564.17,2109.74,1882.07
13/07/2019,2019,194,Grimes,46.7286,-117.144,765,Vetch,98,66.4,97,14,335.93,1579.7,2126.66,1898.58
13/07/2019,2019,194,Wawawai,46.63789,-117.3744,308,Vetch,90,22.6,43,1,220.6,2117.84,2701.23,2459.57
13/07/2019,2019,194,ORC,46.74119,-117.14446,796,Vetch,100,32.8,34.4,1,346.72,1542.94,2085.98,1859.68
13/07/2019,2019,194,Palouse Ridge,46.74011,-117.14237,796,Vetch,86,24,20,9,346.72,1542.94,2085.98,1859.68
13/07/2019,2019,194,Rose Creek,46.82542,-117.20789,726,Vetch,46,0,12,0,314.28,1597.26,2143.46,1916.04
13/07/2019,2019,194,Sunshine,46.73028,-117.08588,790,Vetch,94,21.2,88,8,352.05,1546.58,2089.87,1863.85
13/07/2019,2019,194,Walmart,46.71153,-117.17226,767,Vetch,96,33,26,3,328.38,1583.84,2131.67,1903.15
13/07/2019,2019,194,Chris,46.56927,-117.22527,823,Pea,60.6,0,110,0,341.43,1580.56,2133.06,1903.69
13/07/2019,2019,194,Genesee,46.54808,-116.90817,817,Pea,69.2,0,36,0,449.9,1589.35,2137.63,1912.49
13/07/2019,2019,194,Jacobs,46.51431,-117.15994,862,Pea,50,0,74,0,348.14,1571.39,2124.24,1895.55
13/07/2019,2019,194,Schlee,46.52394,-117.24322,273,Pea,50.6,0,46,0,238.2,2229.65,2823.28,2578.31
18/07/2019,2019,199,Colfax Highway,46.73397,-117.20542,782,Vetch,96,5.6,54,0,329.39,1679.42,2247.49,2010.82
18/07/2019,2019,199,Grimes,46.7286,-117.144,765,Vetch,96,19.6,92,9,335.93,1695.68,2265.14,2028.06
18/07/2019,2019,199,Wawawai,46.63789,-117.3744,308,Vetch,86,0,48,20,220.6,2259.98,2865.87,2615.21
18/07/2019,2019,199,ORC,46.74119,-117.14446,796,Vetch,100,10.6,59,0,346.72,1656.95,2222.49,1987.19
18/07/2019,2019,199,Palouse Ridge,46.74011,-117.14237,796,Vetch,76,20.2,21,0,346.72,1656.95,2222.49,1987.19
18/07/2019,2019,199,Rose Creek,46.82542,-117.20789,726,Vetch,38,0,7,0,314.28,1713.53,2282.23,2045.81
18/07/2019,2019,199,Sunshine,46.73028,-117.08588,790,Vetch,92,19,87,0,352.05,1660.7,2226.49,1991.47
18/07/2019,2019,199,Walmart,46.71153,-117.17226,767,Vetch,96,29.8,26,0,328.38,1700.16,2270.49,2032.97
18/07/2019,2019,199,Chris,46.56927,-117.22527,823,Pea,38,0,52.4,0,342.32,1697.96,2272.96,2034.59
18/07/2019,2019,199,Jacobs,46.51431,-117.15994,862,Pea,50.8,0,68.8,0,349.04,1689.15,2264.5,2026.81
18/07/2019,2019,199,Schlee,46.52394,-117.24322,273,Pea,41.8,0,51,20,239.48,2378.56,2994.69,2740.72
22/07/2019,2019,203,Colfax Highway,46.73397,-117.20542,782,Vetch,70,2.6,74,0,329.39,1773.23,2359.3,2115.43
22/07/2019,2019,203,Grimes,46.7286,-117.144,765,Vetch,100,8.8,84,12,335.93,1789.61,2377.07,2132.79
22/07/2019,2019,203,Wawawai,46.63789,-117.3744,308,Vetch,86,0.4,36,0,220.6,2373,2996.89,2739.03
22/07/2019,2019,203,ORC,46.74119,-117.14446,796,Vetch,100,1.8,81,0,346.72,1749.44,2332.98,2090.48
22/07/2019,2019,203,Palouse Ridge,46.74011,-117.14237,796,Vetch,78,7.2,19.4,0,346.72,1749.44,2332.98,2090.48
22/07/2019,2019,203,Rose Creek,46.82542,-117.20789,726,Vetch,24,0,0,0,314.28,1807.51,2394.21,2150.59
22/07/2019,2019,203,Sunshine,46.73028,-117.08588,790,Vetch,94,17.4,87,0,352.05,1752.99,2336.78,2094.56
22/07/2019,2019,203,Walmart,46.71153,-117.17226,767,Vetch,94,26.8,29,0,328.38,1794.56,2382.89,2138.17
26/07/2019,2019,207,Colfax Highway,46.73397,-117.20542,782,Vetch,76,0.6,40,20,330.44,1881.08,2485.15,2234.08
26/07/2019,2019,207,Golf,46.74011,-117.14237,796,Vetch,78,4,20,0,347.86,1856.8,2458.34,2208.64
26/07/2019,2019,207,Grimes,46.7286,-117.144,765,Vetch,100,0.2,59,0,336.97,1898.28,2503.74,2252.26
26/07/2019,2019,207,Wawawai,46.63789,-117.3744,308,Vetch,24,0,3,3,220.6,2496.74,3138.63,2873.57
26/07/2019,2019,207,ORC,46.74119,-117.14446,796,Vetch,100,0.4,64,0,347.86,1856.8,2458.34,2208.64
26/07/2019,2019,207,Rose Creek,46.82542,-117.20789,726,Vetch,8,0,0,0,315.71,1915.88,2520.58,2269.76
26/07/2019,2019,207,Sunshine,46.73028,-117.08588,790,Vetch,100,0.8,49,0,353.32,1860.83,2462.62,2213.2
26/07/2019,2019,207,Walmart,46.71153,-117.17226,767,Vetch,96,9,22,0,329.36,1903.41,2509.74,2257.82
26/07/2019,2019,207,Genesee,46.54808,-116.90817,817,Pea,0,0,0,20,451.52,1917.06,2523.84,2275.3
30/07/2019,2019,211,Colfax Highway,46.73397,-117.20542,782,Vetch,74,0,35,0,330.44,1983.61,2605.68,2347.41
30/07/2019,2019,211,Golf,46.74011,-117.14237,796,Vetch,54,0.6,9,0,347.86,1958.53,2578.07,2321.17
30/07/2019,2019,211,Grimes,46.7286,-117.144,765,Vetch,96,0.4,51,0,336.97,2001.38,2624.84,2366.16
30/07/2019,2019,211,Wawawai,46.63789,-117.3744,308,Vetch,70,0.4,3,4,220.6,2615.77,3275.66,3003.4
30/07/2019,2019,211,ORC,46.74119,-117.14446,796,Vetch,92,0,35,0,347.86,1958.53,2578.07,2321.17
30/07/2019,2019,211,Sunshine,46.73028,-117.08588,790,Vetch,100,0,53,0,353.32,1962.86,2582.65,2326.03
30/07/2019,2019,211,Walmart,46.71153,-117.17226,767,Vetch,98,6.4,23,0,329.36,2006.82,2631.15,2372.03
30/07/2019,2019,211,PCLF,46.74597,-117.16183,754,Pea,0,0,0,17,326.58,2006.95,2630.58,2371.81
6/05/2020,2020,127,Alpowa Creek,46.41241,-117.21464,417,Vetch,52.5,1.7,0,35,160.89,529.87,950.86,760.86
6/05/2020,2020,127,Blyton Landing,46.55889,-117.27004,366,Vetch,23.66666667,0.733333333,0,71,162.72,508.09,918.11,732.24
6/05/2020,2020,127,Boyer Park,46.66871,-117.441,233,Vetch,0,0,0,0,117.72,573.01,997.1,807.67
6/05/2020,2020,127,Hells Gate State Park,46.35445,-117.05034,288,Vetch,93.66666667,0.866666667,0,281,134.7,629.49,1088.84,889.96
6/05/2020,2020,127,Nisqually John Canyon,46.514,-117.22914,422,Vetch,92.33333333,21.3,0,189,183.49,487.25,888.62,705.4
6/05/2020,2020,127,Nisqually John Landing,46.47581,-117.23534,272,Vetch,92.33333333,2,0,178,155.11,607.18,1052.44,856.54
6/05/2020,2020,127,Wawawai County Park,46.63789,-117.3744,308,Vetch,27.33333333,0.033333333,0,119,138.4,529.49,943.59,756.83
6/05/2020,2020,127,West Evans Pond,46.41799,-117.11555,234,Vetch,31.33333333,1.033333333,0,12,142.64,650.67,1113.53,915.15
11/05/2020,2020,132,Alpowa Creek,46.41241,-117.21464,417,Vetch,45.66666667,2.666666667,0,35,160.89,620.7,1064.19,865.19
11/05/2020,2020,132,Blyton Landing,46.55889,-117.27004,366,Vetch,32,1.033333333,0,54,162.72,597.94,1030.46,835.59
11/05/2020,2020,132,Boyer Park,46.66871,-117.441,233,Vetch,34.33333333,0.5,0,2,117.72,665.67,1112.26,913.83
11/05/2020,2020,132,Hells Gate State Park,46.35445,-117.05034,288,Vetch,70.33333333,6.5,0,12,134.7,728.58,1210.43,1002.55
11/05/2020,2020,132,Nisqually John Canyon,46.514,-117.22914,422,Vetch,74,22.16666667,0.733333,109,183.49,575.83,999.7,807.48
11/05/2020,2020,132,Nisqually John Landing,46.47581,-117.23534,272,Vetch,58,4,0,132,155.11,702.91,1170.67,965.77
11/05/2020,2020,132,Wawawai County Park,46.63789,-117.3744,308,Vetch,24,0.8,0,37,138.4,620,1056.6,860.84
11/05/2020,2020,132,West Evans Pond,46.41799,-117.11555,234,Vetch,40,2.933333333,0,7,142.64,750.46,1235.82,1028.44
16/05/2020,2020,137,Alpowa Creek,46.41241,-117.21464,417,Vetch,47.66666667,12.3,0,53,173.36,697.1,1163.09,955.09
16/05/2020,2020,137,Blyton Landing,46.55889,-117.27004,366,Vetch,39.66666667,6.166666667,0,98,167.37,673.97,1128.99,925.12
16/05/2020,2020,137,Boyer Park,46.66871,-117.441,233,Vetch,42,7.433333333,0,34,118.46,748,1217.09,1009.66
16/05/2020,2020,137,Hells Gate State Park,46.35445,-117.05034,288,Vetch,87.66666667,33,0,61,149.6,812.41,1316.76,1099.88
16/05/2020,2020,137,Nisqually John Canyon,46.514,-117.22914,422,Vetch,77,19.76666667,0,436,191.67,649.62,1095.99,894.77
16/05/2020,2020,137,Nisqually John Landing,46.47581,-117.23534,272,Vetch,47.66666667,9.433333333,0,179,164.08,786.09,1276.35,1062.45
16/05/2020,2020,137,Wawawai County Park,46.63789,-117.3744,308,Vetch,36,1.433333333,0,22,139.17,698.41,1157.51,952.75
16/05/2020,2020,137,West Evans Pond,46.41799,-117.11555,234,Vetch,59,8.133333333,0.066667,24,154.21,836.14,1344,1127.62
21/05/2020,2020,142,Alpowa Creek,46.41241,-117.21464,417,Vetch,59.33333333,10.8,2.5,61,219.04,775.48,1263.97,1046.97
21/05/2020,2020,142,Blyton Landing,46.55889,-117.27004,366,Vetch,43,3.966666667,0,91,217.21,752.88,1230.4,1017.53
21/05/2020,2020,142,Boyer Park,46.66871,-117.441,233,Vetch,44.66666667,5.166666667,0.733333,12,175.45,833.27,1324.86,1108.43
21/05/2020,2020,142,Hells Gate State Park,46.35445,-117.05034,288,Vetch,86,24.46666667,4.333333,97,185.88,898.33,1425.18,1199.3
21/05/2020,2020,142,Nisqually John Canyon,46.514,-117.22914,422,Vetch,91,52.96666667,13.06667,371,239.32,725.89,1194.76,984.54
21/05/2020,2020,142,Nisqually John Landing,46.47581,-117.23534,272,Vetch,72.33333333,19.23333333,6.3,151,209.09,871.59,1384.35,1161.45
21/05/2020,2020,142,Wawawai County Park,46.63789,-117.3744,308,Vetch,44,5.4,0,40,193.34,779.84,1261.44,1047.68
21/05/2020,2020,142,West Evans Pond,46.41799,-117.11555,234,Vetch,69.66666667,10.26666667,2.666667,39,191.96,924.52,1454.88,1229.5
26/05/2020,2020,147,Alpowa Creek,46.41241,-117.21464,417,Vetch,62.33333333,16.63333333,2.366667,103,220.41,856.55,1367.54,1141.54
26/05/2020,2020,147,Blyton Landing,46.55889,-117.27004,366,Vetch,37,5.833333333,1.633333,165,218.28,832.98,1333,1111.13
26/05/2020,2020,147,Boyer Park,46.66871,-117.441,233,Vetch,35.33333333,7,1.566667,59,175.45,918.45,1432.54,1207.11
26/05/2020,2020,147,Hells Gate State Park,46.35445,-117.05034,288,Vetch,76.66666667,12.43333333,10.53333,131,186.41,986.94,1536.29,1301.41
26/05/2020,2020,147,Nisqually John Canyon,46.514,-117.22914,422,Vetch,83.33333333,45.6,9.2,675,240.77,804.15,1295.52,1076.3
26/05/2020,2020,147,Nisqually John Landing,46.47581,-117.23534,272,Vetch,87,37.9,3.166667,716,210.44,958.52,1493.78,1261.88
26/05/2020,2020,147,Wawawai County Park,46.63789,-117.3744,308,Vetch,47.33333333,9.366666667,2.1,55,193.34,861.73,1365.83,1143.07
26/05/2020,2020,147,West Evans Pond,46.41799,-117.11555,234,Vetch,60.66666667,14.96666667,3.066667,45,192.68,1014.46,1567.32,1332.94
1/06/2020,2020,153,1D,46.73034,-117.14953,787,Pea,0,0,0,1,348.57,611.61,985.91,818.47
1/06/2020,2020,153,2D,46.73121,-117.1474,787,Pea,0,0,0,3,348.57,611.61,985.91,818.47
1/06/2020,2020,153,3D,46.73186,-117.14677,787,Pea,0,0,0,2,348.57,611.61,985.91,818.47
1/06/2020,2020,153,4D,46.73317,-117.14899,787,Pea,0,0,0,3,348.57,611.61,985.91,818.47
1/06/2020,2020,153,5D,46.7347,-117.15034,787,Pea,0,0,0,1,348.57,611.61,985.91,818.47
1/06/2020,2020,153,6D,46.73579,-117.14744,787,Pea,0,0,0,0,348.57,611.61,985.91,818.47
1/06/2020,2020,153,7D,46.73629,-117.14258,779,Pea,0,0,0,0,346.37,615.43,991.21,822.88
1/06/2020,2020,153,T1,46.73039,-117.1518,787,Pea,0,0,0,1,348.57,611.61,985.91,818.47
1/06/2020,2020,153,Alpowa Creek,46.41241,-117.21464,417,Vetch,63,27.3,4.866667,48,244.45,1008.64,1546.63,1309.83
1/06/2020,2020,153,Blyton Landing,46.55889,-117.27004,366,Vetch,24.33333333,9.133333333,2.233333,500,244.02,980.84,1507.86,1275.19
1/06/2020,2020,153,Nisqually John Canyon,46.514,-117.22914,422,Vetch,56.66666667,32.36666667,16.7,360,267.07,951.14,1469.51,1239.49
1/06/2020,2020,153,Nisqually John Landing,46.47581,-117.23534,272,Vetch,68.5,27.26666667,10.33333,228,236.49,1115.64,1677.9,1435.2
1/06/2020,2020,153,Wawawai County Park,46.63789,-117.3744,308,Vetch,28.66666667,10.4,1.5,15,205.37,1009.79,1540.89,1307.33
1/06/2020,2020,153,West Evans Pond,46.41799,-117.11555,234,Vetch,52.33333333,19.7,7.3,44,205.52,1176.36,1756.22,1511.04
5/06/2020,2020,157,1D,46.73034,-117.14953,787,Pea,0,0,0,1,355.38,676.29,1068.59,893.95
5/06/2020,2020,157,2D,46.73121,-117.1474,787,Pea,0,0,0,3,355.38,676.29,1068.59,893.95
5/06/2020,2020,157,3D,46.73186,-117.14677,787,Pea,0,0,0,3,355.38,676.29,1068.59,893.95
5/06/2020,2020,157,4D,46.73317,-117.14899,787,Pea,0,0,0,1,355.38,676.29,1068.59,893.95
5/06/2020,2020,157,5D,46.7347,-117.15034,787,Pea,0,0,0,1,355.38,676.29,1068.59,893.95
5/06/2020,2020,157,6D,46.73579,-117.14744,787,Pea,0,0,0,3,355.38,676.29,1068.59,893.95
5/06/2020,2020,157,7D,46.73629,-117.14258,779,Pea,0,0,0,1,353.2,680.31,1074.09,898.56
5/06/2020,2020,157,T1,46.73039,-117.1518,787,Pea,0,0,0,0,355.38,676.29,1068.59,893.95
5/06/2020,2020,157,Blyton Landing,46.55889,-117.27004,366,Vetch,34.33333333,14.2,8.5,180,249.22,1064.39,1609.41,1369.54
5/06/2020,2020,157,Boyer Park,46.66871,-117.441,233,Vetch,51.66666667,26.66666667,24.83333,48,191.37,1153.18,1712.27,1468.84
5/06/2020,2020,157,Hells Gate State Park,46.35445,-117.05034,288,Vetch,75.66666667,43.73333333,21.43333,199,201.89,1243.54,1837.89,1585.01
5/06/2020,2020,157,Nisqually John Landing,46.47581,-117.23534,272,Vetch,59,37.76666667,13.7,404,241.28,1205.93,1786.19,1536.29
5/06/2020,2020,157,Wawawai County Park,46.63789,-117.3744,308,Vetch,18,6.466666667,1.833333,57,210.07,1092.73,1641.83,1401.07
5/06/2020,2020,157,West Evans Pond,46.41799,-117.11555,234,Vetch,35.66666667,15,8.466667,465,210.33,1270.32,1868.18,1615.8
10/06/2020,2020,162,1A,46.67312,-117.13246,764,Pea,0,0,0,1,360.53,768.06,1195.17,1005.12
10/06/2020,2020,162,1B,46.6108,-117.2417,806,Pea,0,0,0,9,370.92,754.45,1179.93,991.69
10/06/2020,2020,162,1C,46.66309,-117.11982,779,Pea,0,0,0,0,369.39,759.34,1182.9,994.92
10/06/2020,2020,162,1D,46.73034,-117.14953,787,Pea,0,0,0,1,361.73,733.98,1148.78,965.14
10/06/2020,2020,162,2A,46.58228,-117.11867,798,Pea,0,0,0,2,367.56,772,1200.49,1010.58
10/06/2020,2020,162,2B,46.62092,-117.22963,775,Pea,0,0,0,9,360.52,776.78,1209.55,1016.97
10/06/2020,2020,162,2C,46.74024,-117.4021,698,Pea,0,0,0,2,330.27,803.71,1247.68,1049.84
10/06/2020,2020,162,2D,46.73121,-117.1474,787,Pea,0,0,0,0,361.73,733.98,1148.78,965.14
10/06/2020,2020,162,3A,46.55882,-117.12294,811,Pea,0,0,0,7,368.77,772.27,1200.92,1011.24
10/06/2020,2020,162,3B,46.62723,-117.26861,775,Pea,0,0,0,0,362.58,772.85,1205.31,1012.97
10/06/2020,2020,162,3C,46.75264,-117.37599,719,Pea,0,0,0,5,336.42,784.39,1221.09,1026.36
10/06/2020,2020,162,3D,46.73186,-117.14677,787,Pea,0,0,0,1,361.73,733.98,1148.78,965.14
10/06/2020,2020,162,4A,46.54628,-117.06868,791,Pea,0,0,0,0,367.62,789.25,1223.09,1030.2
10/06/2020,2020,162,4B,46.67646,-117.271,732,Pea,0,0,0,2,346.26,791.18,1229.63,1033.68
10/06/2020,2020,162,4C,46.63866,-117.13847,808,Pea,0,0,0,0,377.89,745.77,1164.73,979.42
10/06/2020,2020,162,4D,46.73317,-117.14899,787,Pea,0,0,0,2,361.73,733.98,1148.78,965.14
10/06/2020,2020,162,5A,46.49343,-117.07507,848,Pea,0,0,0,5,370.17,763.79,1188.13,1001.79
10/06/2020,2020,162,5B,46.68961,-117.27783,728,Pea,0,0,0,4,344.13,791.72,1230.35,1034.33
10/06/2020,2020,162,5C,46.62224,-117.16618,828,Pea,0,0,0,0,382.73,735.59,1151.3,967.95
10/06/2020,2020,162,5D,46.7347,-117.15034,787,Pea,0,0,0,5,361.73,733.98,1148.78,965.14
10/06/2020,2020,162,6A,46.45234,-117.2057,326,Pea,0,0,0,0,250.06,1261.75,1857.56,1599.46
10/06/2020,2020,162,6B,46.70697,-117.26723,768,Pea,0,0,0,13,359.56,756.33,1182.16,992.95
10/06/2020,2020,162,6C,46.7301,-117.30383,721,Pea,0,0,0,5,342.87,785.33,1221.75,1026.84
10/06/2020,2020,162,6D,46.73579,-117.14744,787,Pea,0,0,0,0,361.73,733.98,1148.78,965.14
10/06/2020,2020,162,7A,46.52824,-117.14118,864,Pea,0,0,0,8,373.66,740.68,1157.96,975.15
10/06/2020,2020,162,7B,46.70463,-117.30626,731,Pea,0,0,0,4,349.48,785.94,1222.94,1027.76
10/06/2020,2020,162,7C,46.70816,-117.2676,768,Pea,0,0,0,2,359.56,756.33,1182.16,992.95
10/06/2020,2020,162,7D,46.73629,-117.14258,779,Pea,0,0,0,0,359.47,738.42,1154.7,970.17
10/06/2020,2020,162,8A,46.57339,-117.23774,815,Pea,0,0,0,9,361.72,759.47,1187.04,997.97
10/06/2020,2020,162,8B,46.61218,-117.27734,777,Pea,0,0,0,4,353.57,776.78,1210.79,1017.7
10/06/2020,2020,162,8C,46.72098,-117.25397,788,Pea,0,0,0,5,368.4,739.17,1158.46,972.79
10/06/2020,2020,162,T1,46.73039,-117.1518,787,Pea,0,0,0,3,361.73,733.98,1148.78,965.14
10/06/2020,2020,162,Alpowa Creek,46.41241,-117.21464,417,Vetch,46.33333333,16.7,12.63333,222,252.47,1184.6,1763.09,1510.09
10/06/2020,2020,162,Blyton Landing,46.55889,-117.27004,366,Vetch,24.33333333,5.5,4.533333,142,252.86,1152.2,1719.72,1470.85
10/06/2020,2020,162,Boyer Park,46.66871,-117.441,233,Vetch,42.33333333,13.4,26.66667,518,193.19,1247.19,1828.78,1576.35
10/06/2020,2020,162,Hells Gate State Park,46.35445,-117.05034,288,Vetch,77.66666667,38.56666667,27.13333,1140,203.56,1341.29,1958.14,1696.26
10/06/2020,2020,162,Nisqually John Canyon,46.514,-117.22914,422,Vetch,58.33333333,19.5,26.4,815,276,1119.92,1678.79,1432.57
10/06/2020,2020,162,Nisqually John Landing,46.47581,-117.23534,272,Vetch,49.66666667,30,19.13333,590,243.58,1301.92,1904.68,1645.78
10/06/2020,2020,162,Wawawai County Park,46.63789,-117.3744,308,Vetch,35.5,9.1,8.2,655,212.89,1182.82,1754.42,1504.66
10/06/2020,2020,162,West Evans Pond,46.41799,-117.11555,234,Vetch,40.66666667,14.16666667,14.03333,1565,212.25,1370.03,1990.39,1729.01
15/06/2020,2020,167,1A,46.67312,-117.13246,764,Pea,0,0,0,2,379.2,844.39,1294,1094.95
15/06/2020,2020,167,1B,46.6108,-117.2417,806,Pea,0,0,0,0,389.54,829.88,1277.86,1080.62
15/06/2020,2020,167,1C,46.66309,-117.11982,779,Pea,0,0,0,0,388.26,834.96,1281.02,1084.04
15/06/2020,2020,167,1D,46.73034,-117.14953,787,Pea,0,0,0,0,380.96,808.31,1245.61,1052.97
15/06/2020,2020,167,2A,46.58228,-117.11867,798,Pea,0,0,0,3,386.41,847.96,1298.95,1100.04
15/06/2020,2020,167,2B,46.62092,-117.22963,775,Pea,0,0,0,1,378.85,853.72,1308.99,1107.41
15/06/2020,2020,167,2C,46.74024,-117.4021,698,Pea,0,0,0,1,349.78,883.36,1349.83,1142.99
15/06/2020,2020,167,2D,46.73121,-117.1474,787,Pea,0,0,0,0,380.96,808.31,1245.61,1052.97
15/06/2020,2020,167,3A,46.55882,-117.12294,811,Pea,0,0,0,4,387.91,848.05,1299.2,1100.52
15/06/2020,2020,167,3B,46.62723,-117.26861,775,Pea,0,0,0,0,380.75,849.75,1304.71,1103.37
15/06/2020,2020,167,3C,46.75264,-117.37599,719,Pea,0,0,0,3,355.95,862.64,1321.84,1118.11
15/06/2020,2020,167,3D,46.73186,-117.14677,787,Pea,0,0,0,0,380.96,808.31,1245.61,1052.97
15/06/2020,2020,167,4A,46.54628,-117.06868,791,Pea,0,0,0,1,386.75,865.79,1322.13,1120.24
15/06/2020,2020,167,4B,46.67646,-117.271,732,Pea,0,0,0,3,364.66,869.55,1330.5,1125.55
15/06/2020,2020,167,4C,46.63866,-117.13847,808,Pea,0,0,0,0,396.9,820.28,1261.74,1067.43
15/06/2020,2020,167,4D,46.73317,-117.14899,787,Pea,0,0,0,1,380.96,808.31,1245.61,1052.97
15/06/2020,2020,167,5A,46.49343,-117.07507,848,Pea,0,0,0,1,390.37,838.36,1285.2,1089.86
15/06/2020,2020,167,5B,46.68961,-117.27783,728,Pea,0,0,0,2,362.64,870.22,1331.35,1126.33
15/06/2020,2020,167,5C,46.62224,-117.16618,828,Pea,0,0,0,0,401.84,809.35,1247.56,1055.21
15/06/2020,2020,167,5D,46.7347,-117.15034,787,Pea,0,0,0,2,380.96,808.31,1245.61,1052.97
15/06/2020,2020,167,6B,46.70697,-117.26723,768,Pea,0,0,0,1,378.57,832.35,1280.68,1082.47
15/06/2020,2020,167,6C,46.7301,-117.30383,721,Pea,0,0,0,5,361.92,863.51,1322.43,1118.52
15/06/2020,2020,167,6D,46.73579,-117.14744,787,Pea,0,0,0,1,380.96,808.31,1245.61,1052.97
15/06/2020,2020,167,7A,46.52824,-117.14118,864,Pea,0,0,0,5,393.57,814.12,1253.9,1062.09
15/06/2020,2020,167,7B,46.70463,-117.30626,731,Pea,0,0,0,0,368.45,864.13,1323.63,1119.45
15/06/2020,2020,167,7C,46.70816,-117.2676,768,Pea,0,0,0,0,378.57,832.35,1280.68,1082.47
15/06/2020,2020,167,7D,46.73629,-117.14258,779,Pea,0,0,0,0,378.66,813.1,1251.88,1058.35
15/06/2020,2020,167,8A,46.57339,-117.23774,815,Pea,0,0,0,1,380.56,835.02,1285.09,1087.02
15/06/2020,2020,167,8B,46.61218,-117.27734,777,Pea,0,0,0,3,371.79,853.86,1310.37,1108.28
15/06/2020,2020,167,8C,46.72098,-117.25397,788,Pea,0,0,0,7,387.65,813.96,1255.75,1061.08
15/06/2020,2020,167,T1,46.73039,-117.1518,787,Pea,0,0,0,1,380.96,808.31,1245.61,1052.97
15/06/2020,2020,167,Alpowa Creek,46.41241,-117.21464,417,Vetch,48.33333333,25.03333333,23.33333,672,267.35,1285.52,1886.51,1624.51
15/06/2020,2020,167,Blyton Landing,46.55889,-117.27004,366,Vetch,25.66666667,7.533333333,10.2,995,266.45,1252.36,1842.38,1584.51
15/06/2020,2020,167,Boyer Park,46.66871,-117.441,233,Vetch,33.33333333,7.833333333,18.13333,191,208.69,1354.16,1958.25,1696.82
15/06/2020,2020,167,Hells Gate State Park,46.35445,-117.05034,288,Vetch,78,27.06666667,51.2,2049,217.99,1448.24,2087.59,1816.71
15/06/2020,2020,167,Nisqually John Canyon,46.514,-117.22914,422,Vetch,53.33333333,12.23333333,30,470,290.4,1217.72,1799.09,1543.87
15/06/2020,2020,167,Nisqually John Landing,46.47581,-117.23534,272,Vetch,56.33333333,26.83333333,26,1197,256.38,1409.17,2034.43,1766.53
15/06/2020,2020,167,Wawawai County Park,46.63789,-117.3744,308,Vetch,34.25,9.375,16.13333,39,227.54,1285.77,1879.87,1621.11
15/06/2020,2020,167,West Evans Pond,46.41799,-117.11555,234,Vetch,49.66666667,12.83333333,19.76667,3017,225.27,1479.25,2122.11,1851.73
21/06/2020,2020,173,1A,46.67312,-117.13246,764,Pea,0,0,0,3,384.82,959.01,1435.62,1225.77
21/06/2020,2020,173,1B,46.6108,-117.2417,806,Pea,0,0,0,6,392.67,943.37,1418.35,1210.31
21/06/2020,2020,173,1C,46.66309,-117.11982,779,Pea,0,0,0,0,394.29,948.78,1421.84,1214.06
21/06/2020,2020,173,1D,46.73034,-117.14953,787,Pea,0,0,0,4,386.11,919.9,1384.2,1180.76
21/06/2020,2020,173,2A,46.58228,-117.11867,798,Pea,0,0,0,2,393.53,962.79,1440.78,1231.07
21/06/2020,2020,173,2B,46.62092,-117.22963,775,Pea,0,0,0,9,384.28,969.22,1451.49,1239.11
21/06/2020,2020,173,2C,46.74024,-117.4021,698,Pea,0,0,0,5,354.11,1001.63,1495.1,1277.46
21/06/2020,2020,173,2D,46.73121,-117.1474,787,Pea,0,0,0,0,386.11,919.9,1384.2,1180.76
21/06/2020,2020,173,3A,46.55882,-117.12294,811,Pea,0,0,0,7,395.34,962.89,1441.04,1231.56
21/06/2020,2020,173,3B,46.62723,-117.26861,775,Pea,0,0,0,2,383.38,964.99,1446.95,1234.81
21/06/2020,2020,173,3C,46.75264,-117.37599,719,Pea,0,0,0,7,360.15,979.29,1465.49,1250.96
21/06/2020,2020,173,3D,46.73186,-117.14677,787,Pea,0,0,0,2,386.11,919.9,1384.2,1180.76
21/06/2020,2020,173,4A,46.54628,-117.06868,791,Pea,0,0,0,1,392.26,982.2,1465.54,1252.85
21/06/2020,2020,173,4B,46.67646,-117.271,732,Pea,0,0,0,4,366.96,986.45,1474.4,1258.65
21/06/2020,2020,173,4C,46.63866,-117.13847,808,Pea,0,0,0,2,403.27,932.88,1401.34,1196.23
21/06/2020,2020,173,4D,46.73317,-117.14899,787,Pea,0,0,0,1,386.11,919.9,1384.2,1180.76
21/06/2020,2020,173,5A,46.49343,-117.07507,848,Pea,0,0,0,6,396.23,952.36,1426.2,1220.06
21/06/2020,2020,173,5B,46.68961,-117.27783,728,Pea,0,0,0,13,364.9,987.15,1475.28,1259.46
21/06/2020,2020,173,5C,46.62224,-117.16618,828,Pea,0,0,0,3,408.33,921.06,1386.27,1183.12
21/06/2020,2020,173,5D,46.7347,-117.15034,787,Pea,0,0,0,2,386.11,919.9,1384.2,1180.76
21/06/2020,2020,173,6A,46.45234,-117.2057,326,Pea,0,0,0,5,269.07,1517.89,2163.2,1885.3
21/06/2020,2020,173,6B,46.70697,-117.26723,768,Pea,0,0,0,8,381.22,946.29,1421.62,1212.61
21/06/2020,2020,173,6C,46.7301,-117.30383,721,Pea,0,0,0,23,364.95,980.1,1466.02,1251.31
21/06/2020,2020,173,6D,46.73579,-117.14744,787,Pea,0,0,0,1,386.11,919.9,1384.2,1180.76
21/06/2020,2020,173,7A,46.52824,-117.14118,864,Pea,0,0,0,13,401.23,926.03,1392.81,1190.2
21/06/2020,2020,173,7B,46.70463,-117.30626,731,Pea,0,0,0,2,371.06,980.66,1467.16,1252.18
21/06/2020,2020,173,7C,46.70816,-117.2676,768,Pea,0,0,0,2,381.22,946.29,1421.62,1212.61
21/06/2020,2020,173,7D,46.73629,-117.14258,779,Pea,0,0,0,2,383.82,925.08,1390.86,1186.53
21/06/2020,2020,173,8A,46.57339,-117.23774,815,Pea,0,0,0,12,386.58,948.92,1425.99,1217.12
21/06/2020,2020,173,8B,46.61218,-117.27734,777,Pea,0,0,0,8,374.52,969.4,1452.91,1240.02
21/06/2020,2020,173,8C,46.72098,-117.25397,788,Pea,0,0,0,11,390.51,926.39,1395.18,1189.71
21/06/2020,2020,173,T1,46.73039,-117.1518,787,Pea,0,0,0,7,386.11,919.9,1384.2,1180.76
21/06/2020,2020,173,Alpowa Creek,46.41241,-117.21464,417,Vetch,62.33333333,19.8,34.46667,1063,272.8,1431.73,2059.72,1786.92
21/06/2020,2020,173,Blyton Landing,46.55889,-117.27004,366,Vetch,25.33333333,3.966666667,13.9,550,267.81,1396.57,2013.59,1744.92
21/06/2020,2020,173,Boyer Park,46.66871,-117.441,233,Vetch,35.66666667,7,16.4,471,210.35,1503.25,2134.34,1862.11
21/06/2020,2020,173,Hells Gate State Park,46.35445,-117.05034,288,Vetch,78.33333333,33.63333333,53.63333,10789,223.72,1605.64,2271.99,1990.31
21/06/2020,2020,173,Nisqually John Canyon,46.514,-117.22914,422,Vetch,60.33333333,6.033333333,50.6,837,295.18,1359.88,1968.25,1702.23
21/06/2020,2020,173,Nisqually John Landing,46.47581,-117.23534,272,Vetch,53,17.2,24.2,1418,261.09,1562.87,2215.13,1936.43
21/06/2020,2020,173,Wawawai County Park,46.63789,-117.3744,308,Vetch,46,15.13333333,12.8,915,228.47,1431.44,2052.54,1782.98
21/06/2020,2020,173,West Evans Pond,46.41799,-117.11555,234,Vetch,38,4.133333333,22.26667,23935,230.5,1637.93,2307.79,2026.61
25/06/2020,2020,177,1A,46.67312,-117.13246,764,Pea,0,0,0,1,384.82,1063.78,1558.39,1341.34
25/06/2020,2020,177,1B,46.6108,-117.2417,806,Pea,0,0,0,0,392.67,1048.82,1541.8,1326.56
25/06/2020,2020,177,1C,46.66309,-117.11982,779,Pea,0,0,0,0,394.29,1053.27,1544.33,1329.35
25/06/2020,2020,177,1D,46.73034,-117.14953,787,Pea,0,0,0,0,386.11,1022.47,1504.77,1294.13
25/06/2020,2020,177,2A,46.58228,-117.11867,798,Pea,0,0,0,1,393.53,1068.91,1564.9,1347.99
25/06/2020,2020,177,2B,46.62092,-117.22963,775,Pea,0,0,0,0,384.28,1075.54,1575.81,1356.23
25/06/2020,2020,177,2C,46.74024,-117.4021,698,Pea,0,0,0,1,354.11,1109.54,1621.01,1396.17
25/06/2020,2020,177,2D,46.73121,-117.1474,787,Pea,0,0,0,0,386.11,1022.47,1504.77,1294.13
25/06/2020,2020,177,3A,46.55882,-117.12294,811,Pea,0,0,0,3,395.34,1069.56,1565.71,1349.03
25/06/2020,2020,177,3B,46.62723,-117.26861,775,Pea,0,0,0,0,383.38,1071.24,1571.2,1351.86
25/06/2020,2020,177,3C,46.75264,-117.37599,719,Pea,0,0,0,4,360.15,1086.18,1590.38,1368.65
25/06/2020,2020,177,3D,46.73186,-117.14677,787,Pea,0,0,0,0,386.11,1022.47,1504.77,1294.13
25/06/2020,2020,177,4A,46.54628,-117.06868,791,Pea,0,0,0,0,392.26,1089.95,1591.29,1371.4
25/06/2020,2020,177,4B,46.67646,-117.271,732,Pea,0,0,0,0,366.96,1092.99,1598.94,1375.99
25/06/2020,2020,177,4C,46.63866,-117.13847,808,Pea,0,0,0,0,403.27,1037.28,1523.74,1311.43
25/06/2020,2020,177,4D,46.73317,-117.14899,787,Pea,0,0,0,1,386.11,1022.47,1504.77,1294.13
25/06/2020,2020,177,5A,46.49343,-117.07507,848,Pea,0,0,0,7,396.23,1059.86,1551.7,1338.36
25/06/2020,2020,177,5B,46.68961,-117.27783,728,Pea,0,0,0,0,364.9,1093.63,1599.76,1376.74
25/06/2020,2020,177,5C,46.62224,-117.16618,828,Pea,0,0,0,2,408.33,1025.32,1508.53,1298.18
25/06/2020,2020,177,5D,46.7347,-117.15034,787,Pea,0,0,0,2,386.11,1022.47,1504.77,1294.13
25/06/2020,2020,177,6A,46.45234,-117.2057,326,Pea,0,0,0,3,269.07,1645.39,2308.7,2023.6
25/06/2020,2020,177,6B,46.70697,-117.26723,768,Pea,0,0,0,0,381.22,1051.22,1544.55,1328.34
25/06/2020,2020,177,6C,46.7301,-117.30383,721,Pea,0,0,0,2,364.95,1086.46,1590.38,1368.47
25/06/2020,2020,177,6D,46.73579,-117.14744,787,Pea,0,0,0,1,386.11,1022.47,1504.77,1294.13
25/06/2020,2020,177,7A,46.52824,-117.14118,864,Pea,0,0,0,5,401.23,1031.72,1516.5,1306.69
25/06/2020,2020,177,7B,46.70463,-117.30626,731,Pea,0,0,0,0,371.06,1087.1,1591.6,1369.42
25/06/2020,2020,177,7C,46.70816,-117.2676,768,Pea,0,0,0,0,381.22,1051.22,1544.55,1328.34
25/06/2020,2020,177,7D,46.73629,-117.14258,779,Pea,0,0,0,0,383.82,1027.68,1511.46,1299.93
25/06/2020,2020,177,8A,46.57339,-117.23774,815,Pea,0,0,0,8,386.58,1055.03,1550.1,1334.03
25/06/2020,2020,177,8B,46.61218,-117.27734,777,Pea,0,0,0,3,374.52,1076.16,1577.67,1357.58
25/06/2020,2020,177,8C,46.72098,-117.25397,788,Pea,0,0,0,4,390.51,1030.46,1517.25,1304.58
25/06/2020,2020,177,T1,46.73039,-117.1518,787,Pea,0,0,0,1,386.11,1022.47,1504.77,1294.13
25/06/2020,2020,177,Alpowa Creek,46.41241,-117.21464,417,Vetch,50,12.63333333,22.9,1375,272.8,1557.75,2203.74,1923.74
25/06/2020,2020,177,Blyton Landing,46.55889,-117.27004,366,Vetch,18.33333333,1.333333333,6.1,39,267.81,1518.26,2153.28,1877.41
25/06/2020,2020,177,Boyer Park,46.66871,-117.441,233,Vetch,24,2.5,10.4,53,210.35,1626.52,2275.61,1996.18
25/06/2020,2020,177,Hells Gate State Park,46.35445,-117.05034,288,Vetch,68,15.83333333,44.96667,26078,223.72,1737.57,2421.92,2133.04
25/06/2020,2020,177,Nisqually John Landing,46.47581,-117.23534,272,Vetch,47.66666667,10.5,26.86667,4092,261.09,1691.41,2361.67,2075.77
25/06/2020,2020,177,Wawawai County Park,46.63789,-117.3744,308,Vetch,37.66666667,3.766666667,24.6,506,228.47,1553.18,2192.28,1915.52
25/06/2020,2020,177,West Evans Pond,46.41799,-117.11555,234,Vetch,39.33333333,1.1,13.8,2165,230.5,1769.19,2457.05,2168.67
30/06/2020,2020,182,1A,46.67312,-117.13246,764,Pea,0,0,0,0,402.99,1163.11,1680.22,1454.17
30/06/2020,2020,182,1B,46.6108,-117.2417,806,Pea,0,0,0,1,411.58,1147.13,1662.61,1438.37
30/06/2020,2020,182,1C,46.66309,-117.11982,779,Pea,0,0,0,0,413.34,1151.62,1665.18,1441.2
30/06/2020,2020,182,1D,46.73034,-117.14953,787,Pea,0,0,0,5,401.49,1119.98,1624.78,1405.14
30/06/2020,2020,182,2A,46.58228,-117.11867,798,Pea,0,0,0,1,415.83,1167.08,1685.57,1459.66
30/06/2020,2020,182,2B,46.62092,-117.22963,775,Pea,0,0,0,0,402.84,1175.58,1698.35,1469.77
30/06/2020,2020,182,2C,46.74024,-117.4021,698,Pea,0,0,0,0,362,1214.63,1748.6,1514.76
30/06/2020,2020,182,2D,46.73121,-117.1474,787,Pea,0,0,0,5,401.49,1119.98,1624.78,1405.14
30/06/2020,2020,182,3A,46.55882,-117.12294,811,Pea,0,0,0,1,419.01,1167.33,1685.98,1460.3
30/06/2020,2020,182,3B,46.62723,-117.26861,775,Pea,0,0,0,3,400.56,1171.6,1694.06,1465.72
30/06/2020,2020,182,3C,46.75264,-117.37599,719,Pea,0,0,0,0,368.3,1189.63,1716.33,1485.6
30/06/2020,2020,182,3D,46.73186,-117.14677,787,Pea,0,0,0,0,401.49,1119.98,1624.78,1405.14
30/06/2020,2020,182,4A,46.54628,-117.06868,791,Pea,0,0,0,0,417.17,1188.35,1712.19,1483.3
30/06/2020,2020,182,4B,46.67646,-117.271,732,Pea,0,0,0,1,381.52,1195.49,1723.94,1491.99
30/06/2020,2020,182,4C,46.63866,-117.13847,808,Pea,0,0,0,3,423.19,1134.23,1643.19,1421.88
30/06/2020,2020,182,4D,46.73317,-117.14899,787,Pea,0,0,0,4,401.49,1119.98,1624.78,1405.14
30/06/2020,2020,182,5A,46.49343,-117.07507,848,Pea,0,0,0,6,423.26,1155.55,1669.89,1447.55
30/06/2020,2020,182,5B,46.68961,-117.27783,728,Pea,0,0,0,0,378.89,1196.31,1724.94,1492.92
30/06/2020,2020,182,5C,46.62224,-117.16618,828,Pea,0,0,0,2,428.62,1121.41,1627.12,1407.77
30/06/2020,2020,182,5D,46.7347,-117.15034,787,Pea,0,0,0,3,401.49,1119.98,1624.78,1405.14
30/06/2020,2020,182,6A,46.45234,-117.2057,326,Pea,0,0,0,7,288.7,1776.92,2462.73,2168.63
30/06/2020,2020,182,6B,46.70697,-117.26723,768,Pea,0,0,0,1,395.19,1151.14,1666.97,1441.76
30/06/2020,2020,182,6C,46.7301,-117.30383,721,Pea,0,0,0,6,377.61,1189.32,1715.74,1484.83
30/06/2020,2020,182,6D,46.73579,-117.14744,787,Pea,0,0,0,2,401.49,1119.98,1624.78,1405.14
30/06/2020,2020,182,7A,46.52824,-117.14118,864,Pea,0,0,0,2,426.23,1126.67,1633.95,1415.14
30/06/2020,2020,182,7B,46.70463,-117.30626,731,Pea,0,0,0,4,384.36,1189.73,1716.73,1485.55
30/06/2020,2020,182,7C,46.70816,-117.2676,768,Pea,0,0,0,0,395.19,1151.14,1666.97,1441.76
30/06/2020,2020,182,7D,46.73629,-117.14258,779,Pea,0,0,0,2,399.42,1125.52,1631.8,1411.27
30/06/2020,2020,182,8A,46.57339,-117.23774,815,Pea,0,0,0,0,406.98,1153.23,1670.8,1445.73
30/06/2020,2020,182,8B,46.61218,-117.27734,777,Pea,0,0,0,2,392.47,1176.56,1700.57,1471.48
30/06/2020,2020,182,8C,46.72098,-117.25397,788,Pea,0,0,0,2,404.65,1128.93,1638.22,1416.55
30/06/2020,2020,182,T1,46.73039,-117.1518,787,Pea,0,0,0,4,401.49,1119.98,1624.78,1405.14
30/06/2020,2020,182,Alpowa Creek,46.41241,-117.21464,417,Vetch,51.66666667,6.033333333,23.63333,124,294.85,1684.32,2352.81,2063.81
30/06/2020,2020,182,Boyer Park,46.66871,-117.441,233,Vetch,25.33333333,0.666666667,14.16667,6,214.6,1763,2434.59,2146.16
30/06/2020,2020,182,Hells Gate State Park,46.35445,-117.05034,288,Vetch,51,5.966666667,32.56667,445,248.97,1870.38,2577.23,2279.35
30/06/2020,2020,182,Nisqually John Landing,46.47581,-117.23534,272,Vetch,58.33333333,0.533333333,45.46667,78,278.85,1826.02,2518.78,2223.88
30/06/2020,2020,182,Wawawai County Park,46.63789,-117.3744,308,Vetch,45.33333333,10,19.53333,96,233.45,1684.22,2345.82,2060.06
5/07/2020,2020,187,1A,46.67312,-117.13246,764,Pea,0,0,0,0,402.99,1255.76,1795.37,1560.32
5/07/2020,2020,187,1B,46.6108,-117.2417,806,Pea,0,0,0,3,411.58,1239.35,1777.33,1544.09
5/07/2020,2020,187,1C,46.66309,-117.11982,779,Pea,0,0,0,0,413.34,1243.85,1779.91,1546.93
5/07/2020,2020,187,1D,46.73034,-117.14953,787,Pea,0,0,0,6,401.49,1210.01,1737.31,1508.67
5/07/2020,2020,187,2A,46.58228,-117.11867,798,Pea,0,0,0,1,415.83,1260.73,1801.72,1566.81
5/07/2020,2020,187,2B,46.62092,-117.22963,775,Pea,0,0,0,2,402.84,1269.19,1814.46,1576.88
5/07/2020,2020,187,2C,46.74024,-117.4021,698,Pea,0,0,0,4,362,1309.63,1866.1,1623.26
5/07/2020,2020,187,2D,46.73121,-117.1474,787,Pea,0,0,0,2,401.49,1210.01,1737.31,1508.67
5/07/2020,2020,187,3A,46.55882,-117.12294,811,Pea,0,0,0,8,419.01,1261.35,1802.5,1567.82
5/07/2020,2020,187,3B,46.62723,-117.26861,775,Pea,0,0,0,2,400.56,1264.89,1809.85,1572.51
5/07/2020,2020,187,3C,46.75264,-117.37599,719,Pea,0,0,0,0,368.3,1283.43,1832.63,1592.9
5/07/2020,2020,187,3D,46.73186,-117.14677,787,Pea,0,0,0,4,401.49,1210.01,1737.31,1508.67
5/07/2020,2020,187,4A,46.54628,-117.06868,791,Pea,0,0,0,2,417.17,1283.95,1830.29,1592.4
5/07/2020,2020,187,4B,46.67646,-117.271,732,Pea,0,0,0,1,381.52,1289.61,1840.56,1599.61
5/07/2020,2020,187,4C,46.63866,-117.13847,808,Pea,0,0,0,3,423.19,1225.85,1757.31,1527
5/07/2020,2020,187,4D,46.73317,-117.14899,787,Pea,0,0,0,4,401.49,1210.01,1737.31,1508.67
5/07/2020,2020,187,5A,46.49343,-117.07507,848,Pea,0,0,0,20,423.26,1250.16,1787,1555.66
5/07/2020,2020,187,5B,46.68961,-117.27783,728,Pea,0,0,0,2,378.89,1290.37,1841.5,1600.48
5/07/2020,2020,187,5C,46.62224,-117.16618,828,Pea,0,0,0,2,428.62,1212.5,1740.71,1512.36
5/07/2020,2020,187,5D,46.7347,-117.15034,787,Pea,0,0,0,2,401.49,1210.01,1737.31,1508.67
5/07/2020,2020,187,6A,46.45234,-117.2057,326,Pea,0,0,0,0,288.7,1897.21,2605.52,2302.42
5/07/2020,2020,187,6B,46.70697,-117.26723,768,Pea,0,0,0,0,395.19,1243.06,1781.39,1547.18
5/07/2020,2020,187,6C,46.7301,-117.30383,721,Pea,0,0,0,8,377.61,1283.02,1831.94,1592.03
5/07/2020,2020,187,6D,46.73579,-117.14744,787,Pea,0,0,0,1,401.49,1210.01,1737.31,1508.67
5/07/2020,2020,187,7A,46.52824,-117.14118,864,Pea,0,0,0,7,426.23,1218.95,1748.73,1520.92
5/07/2020,2020,187,7B,46.70463,-117.30626,731,Pea,0,0,0,6,384.36,1283.48,1832.98,1592.8
5/07/2020,2020,187,7C,46.70816,-117.2676,768,Pea,0,0,0,0,395.19,1243.06,1781.39,1547.18
5/07/2020,2020,187,7D,46.73629,-117.14258,779,Pea,0,0,0,1,399.42,1215.76,1744.54,1515.01
5/07/2020,2020,187,8A,46.57339,-117.23774,815,Pea,0,0,0,5,406.98,1246.04,1786.11,1552.04
5/07/2020,2020,187,8B,46.61218,-117.27734,777,Pea,0,0,0,0,392.47,1270.25,1816.76,1578.67
5/07/2020,2020,187,8C,46.72098,-117.25397,788,Pea,0,0,0,5,404.65,1219.75,1751.54,1520.87
5/07/2020,2020,187,T1,46.73039,-117.1518,787,Pea,0,0,0,6,401.49,1210.01,1737.31,1508.67
5/07/2020,2020,187,Alpowa Creek,46.41241,-117.21464,417,Vetch,40.33333333,2.4,25.3,3,294.85,1801.79,2492.78,2194.78
5/07/2020,2020,187,Nisqually John Landing,46.47581,-117.23534,272,Vetch,42,0.366666667,33.06667,4,278.85,1947.64,2662.9,2359
5/07/2020,2020,187,Wawawai County Park,46.63789,-117.3744,308,Vetch,36.66666667,6.3,16.96667,45,233.45,1798.4,2482.5,2187.74
10/07/2020,2020,192,1A,46.67312,-117.13246,764,Pea,0,0,0,0,404.41,1360.62,1922.73,1678.68
10/07/2020,2020,192,1B,46.6108,-117.2417,806,Pea,0,0,0,0,415.54,1343.97,1904.45,1662.21
10/07/2020,2020,192,1C,46.66309,-117.11982,779,Pea,0,0,0,0,414.91,1348.22,1906.78,1664.8
10/07/2020,2020,192,1D,46.73034,-117.14953,787,Pea,0,0,0,2,405.19,1312.16,1861.96,1624.32
10/07/2020,2020,192,2A,46.58228,-117.11867,798,Pea,0,0,0,2,417.9,1366.53,1930.02,1686.11
10/07/2020,2020,192,2B,46.62092,-117.22963,775,Pea,0,0,0,0,406.63,1375.23,1943,1696.42
10/07/2020,2020,192,2C,46.74024,-117.4021,698,Pea,0,0,0,1,366.87,1417.63,1996.6,1744.76
10/07/2020,2020,192,2D,46.73121,-117.1474,787,Pea,0,0,0,1,405.19,1312.16,1861.96,1624.32
10/07/2020,2020,192,3A,46.55882,-117.12294,811,Pea,0,0,0,0,421.24,1367.51,1931.16,1687.48
10/07/2020,2020,192,3B,46.62723,-117.26861,775,Pea,0,0,0,3,404.63,1370.73,1938.19,1691.85
10/07/2020,2020,192,3C,46.75264,-117.37599,719,Pea,0,0,0,0,373.26,1390.1,1961.8,1713.07
10/07/2020,2020,192,3D,46.73186,-117.14677,787,Pea,0,0,0,2,405.19,1312.16,1861.96,1624.32
10/07/2020,2020,192,4A,46.54628,-117.06868,791,Pea,0,0,0,1,419.73,1391.68,1960.52,1713.63
10/07/2020,2020,192,4B,46.67646,-117.271,732,Pea,0,0,0,0,385.89,1396.39,1969.84,1719.89
10/07/2020,2020,192,4C,46.63866,-117.13847,808,Pea,0,0,0,0,424.84,1329.64,1883.6,1644.29
10/07/2020,2020,192,4D,46.73317,-117.14899,787,Pea,0,0,0,0,405.19,1312.16,1861.96,1624.32
10/07/2020,2020,192,5A,46.49343,-117.07507,848,Pea,0,0,0,3,426.11,1356.72,1916.06,1675.72
10/07/2020,2020,192,5B,46.68961,-117.27783,728,Pea,0,0,0,0,383.28,1397.07,1970.7,1720.68
10/07/2020,2020,192,5C,46.62224,-117.16618,828,Pea,0,0,0,0,430.26,1315.79,1866.5,1629.15
10/07/2020,2020,192,5D,46.7347,-117.15034,787,Pea,0,0,0,1,405.19,1312.16,1861.96,1624.32
10/07/2020,2020,192,6A,46.45234,-117.2057,326,Pea,0,0,0,0,291.01,2031.11,2761.92,2449.82
10/07/2020,2020,192,6B,46.70697,-117.26723,768,Pea,0,0,0,0,399.73,1347.52,1908.35,1665.14
10/07/2020,2020,192,6C,46.7301,-117.30383,721,Pea,0,0,0,3,382.1,1389.44,1960.86,1711.95
10/07/2020,2020,192,6D,46.73579,-117.14744,787,Pea,0,0,0,6,405.19,1312.16,1861.96,1624.32
10/07/2020,2020,192,7A,46.52824,-117.14118,864,Pea,0,0,0,0,428.51,1323.22,1875.5,1638.69
10/07/2020,2020,192,7B,46.70463,-117.30626,731,Pea,0,0,0,0,388.98,1389.95,1961.95,1712.77
10/07/2020,2020,192,7C,46.70816,-117.2676,768,Pea,0,0,0,0,399.73,1347.52,1908.35,1665.14
10/07/2020,2020,192,7D,46.73629,-117.14258,779,Pea,0,0,0,0,403.02,1318.13,1869.41,1630.88
10/07/2020,2020,192,8A,46.57339,-117.23774,815,Pea,0,0,0,0,410.96,1351.18,1913.75,1670.68
10/07/2020,2020,192,8B,46.61218,-117.27734,777,Pea,0,0,0,2,396.59,1376.49,1945.5,1698.41
10/07/2020,2020,192,8C,46.72098,-117.25397,788,Pea,0,0,0,4,409.29,1323,1877.29,1637.62
10/07/2020,2020,192,T1,46.73039,-117.1518,787,Pea,0,0,0,1,405.19,1312.16,1861.96,1624.32
10/07/2020,2020,192,Alpowa Creek,46.41241,-117.21464,417,Vetch,40.33333333,2.4,25.06667,3,297.37,1932.81,2646.3,2339.3
10/07/2020,2020,192,Nisqually John Landing,46.47581,-117.23534,272,Vetch,42,0.366666667,55.66667,4,280.85,2083.17,2820.93,2508.03
10/07/2020,2020,192,Wawawai County Park,46.63789,-117.3744,308,Vetch,18,2.033333333,10.3,25,237.92,1926.81,2633.41,2329.65
15/07/2020,2020,197,1A,46.67312,-117.13246,764,Pea,0,0,0,1,404.41,1475.36,2059.97,1806.92
15/07/2020,2020,197,1B,46.6108,-117.2417,806,Pea,0,0,0,0,415.54,1458.97,2041.95,1790.71
15/07/2020,2020,197,1C,46.66309,-117.11982,779,Pea,0,0,0,0,414.91,1462.59,2043.65,1792.67
15/07/2020,2020,197,1D,46.73034,-117.14953,787,Pea,0,0,0,2,405.19,1423.6,1995.9,1749.26
15/07/2020,2020,197,2A,46.58228,-117.11867,798,Pea,0,0,0,1,417.9,1483.24,2069.23,1816.32
15/07/2020,2020,197,2B,46.62092,-117.22963,775,Pea,0,0,0,1,406.63,1491.55,2081.82,1826.24
15/07/2020,2020,197,2C,46.74024,-117.4021,698,Pea,0,0,0,0,366.87,1534.78,2136.25,1875.41
15/07/2020,2020,197,2D,46.73121,-117.1474,787,Pea,0,0,0,0,405.19,1423.6,1995.9,1749.26
15/07/2020,2020,197,3A,46.55882,-117.12294,811,Pea,0,0,0,2,421.24,1484.87,2071.02,1818.34
15/07/2020,2020,197,3B,46.62723,-117.26861,775,Pea,0,0,0,0,404.63,1486.67,2076.63,1821.29
15/07/2020,2020,197,3C,46.75264,-117.37599,719,Pea,0,0,0,0,373.26,1505.91,2100.11,1842.38
15/07/2020,2020,197,3D,46.73186,-117.14677,787,Pea,0,0,0,2,405.19,1423.6,1995.9,1749.26
15/07/2020,2020,197,4A,46.54628,-117.06868,791,Pea,0,0,0,0,419.73,1510.76,2102.1,1846.21
15/07/2020,2020,197,4B,46.67646,-117.271,732,Pea,0,0,0,2,385.89,1512.72,2108.67,1849.72
15/07/2020,2020,197,4C,46.63866,-117.13847,808,Pea,0,0,0,1,424.84,1443.76,2020.22,1771.91
15/07/2020,2020,197,4D,46.73317,-117.14899,787,Pea,0,0,0,1,405.19,1423.6,1995.9,1749.26
15/07/2020,2020,197,5A,46.49343,-117.07507,848,Pea,0,0,0,4,426.11,1475.23,2057.07,1807.73
15/07/2020,2020,197,5B,46.68961,-117.27783,728,Pea,0,0,0,0,383.28,1513.3,2109.43,1850.41
15/07/2020,2020,197,5C,46.62224,-117.16618,828,Pea,0,0,0,1,430.26,1429.54,2002.75,1756.4
15/07/2020,2020,197,5D,46.7347,-117.15034,787,Pea,0,0,0,0,405.19,1423.6,1995.9,1749.26
15/07/2020,2020,197,6A,46.45234,-117.2057,326,Pea,0,0,0,0,291.01,2175.13,2928.44,2607.34
15/07/2020,2020,197,6B,46.70697,-117.26723,768,Pea,0,0,0,0,399.73,1461.49,2044.82,1792.61
15/07/2020,2020,197,6C,46.7301,-117.30383,721,Pea,0,0,0,3,382.1,1505.04,2098.96,1841.05
15/07/2020,2020,197,6D,46.73579,-117.14744,787,Pea,0,0,0,2,405.19,1423.6,1995.9,1749.26
15/07/2020,2020,197,7A,46.52824,-117.14118,864,Pea,0,0,0,0,428.51,1439.04,2013.82,1768.01
15/07/2020,2020,197,7B,46.70463,-117.30626,731,Pea,0,0,0,0,388.98,1505.82,2100.32,1842.14
15/07/2020,2020,197,7C,46.70816,-117.2676,768,Pea,0,0,0,0,399.73,1461.49,2044.82,1792.61
15/07/2020,2020,197,7D,46.73629,-117.14258,779,Pea,0,0,0,0,403.02,1429.7,2003.48,1755.95
15/07/2020,2020,197,8A,46.57339,-117.23774,815,Pea,0,0,0,0,410.96,1467.08,2052.15,1800.08
15/07/2020,2020,197,8B,46.61218,-117.27734,777,Pea,0,0,0,0,396.59,1492.98,2084.49,1828.4
15/07/2020,2020,197,8C,46.72098,-117.25397,788,Pea,0,0,0,3,409.29,1435.8,2012.59,1763.92
15/07/2020,2020,197,T1,46.73039,-117.1518,787,Pea,0,0,0,2,405.19,1423.6,1995.9,1749.26
